{"name":"TEST","message_num":15,"message_size":100,"scope":"scope1732118926","stream":"stream1732118926","duration":139.322,"mean_write_latency":9.288133333333333,"write_latency_50pct":7.415,"write_latency_75pct":9.678,"write_latency_95pct":20.89739999999998,"write_latency_99pct":31.21707999999999,"write_latencies":[2.745,3.07,3.778,3.875,5.412,7.256,7.384,7.415,7.805,8.278,9.555,9.801,13.782,15.369,33.797],"read_latencies":[0.21,0.075,0.065,0.279,0.066,0.068,0.055,0.057,0.07,0.083,0.067,0.074,0.536,0.088,0.081],"throughput":10.766425977232597}